Workbook

Sheet Как заполнять
A1: Сбор данных для AI-консультанта Международного университета «Ала-Тоо»
B3: Здравствуйте! Благодарим вас за помощь в подготовке данных для университетского чат-бота. Пожалуйста, заполните этот файл — он создан так, чтобы это было удобно и быстро.
A4: Как это работает | B4: Чат-бот будет отвечать абитуриентам и студентам, опираясь только на то, что мы сюда внесём. Поэтому нам важны точные и полные сведения.
A5: Шаг 1 | B5: Откройте лист «Что уже есть» — это у нас уже есть, повторно вносить не нужно.
A6: Шаг 2 | B6: Заполняйте листы с данными (вкладки внизу). Вносите данные в ЖЁЛТЫЕ ячейки.
A7: Шаг 3 | B7: В каждой строке выберите «Статус»: Готово / В работе / Нет данных. По нему мы видим, что можно обрабатывать.
A8: Шаг 4 | B8: Загляните на лист «Готовность» — он автоматически показывает прогресс по каждому разделу.
B9: Условные обозначения:
A10: Жёлтый | B10: Поле, которое нужно заполнить.
A11: Зелёный | B11: Строка-пример. Пожалуйста, не удаляйте её — просто добавляйте свои строки ниже.
A12: Серый | B12: Служебные поля (язык, источник, дата) — помогают нам обработать данные.
B13: Несколько просьб по оформлению (чтобы данные сразу подошли для загрузки):
A14: Текст | B14: Пожалуйста, вводите данные текстом, а не картинкой или скриншотом.
A15: Язык | B15: Для каждой записи указывайте язык (rus / kyr / eng) и не смешивайте языки в одном предложении.
A16: Даты | B16: Формат даты — ДД.ММ.ГГГГ (например, 16.06.2026).
A17: Если нет данных | B17: Пожалуйста, оставьте поле пустым, выберите статус «Нет данных» и при необходимости поясните в примечании. Просим ничего не указывать приблизительно.
B18: Заполнять можно онлайн (в браузере). Когда закончите — сохраните файл, изменения подтянутся автоматически. Спасибо!

Sheet Готовность
A1: Готовность данных
A2: Сводка обновляется автоматически по статусам в листах. Зелёный прогресс — раздел можно обрабатывать.
A4: Раздел | B4: Всего пунктов | C4: Отмечено «Готово» | D4: Готовность
A5: Программы | B5: =46 -> 46 | C5: =COUNTIF(Программы!I5:I50,"Готово") -> 1 | D5: =IF(B5=0,0,C5/B5) -> 0.02173913
A6: Пороговые баллы | B6: =26 -> 26 | C6: =COUNTIF('Пороговые баллы'!E5:E30,"Готово") -> 0 | D6: =IF(B6=0,0,C6/B6) -> 0
A7: Языки и элективы | B7: =4 -> 4 | C7: =COUNTIF('Языки и элективы'!E6:E9,"Готово") -> 0 | D7: =IF(B7=0,0,C7/B7) -> 0
A8: Международные | B8: =6 -> 6 | C8: =COUNTIF(Международные!G5:G10,"Готово") -> 5 | D8: =IF(B8=0,0,C8/B8) -> 0.83333333
A9: Инфраструктура | B9: =13 -> 13 | C9: =COUNTIF(Инфраструктура!E5:E17,"Готово") -> 0 | D9: =IF(B9=0,0,C9/B9) -> 0
A10: Студенческая жизнь | B10: =12 -> 12 | C10: =COUNTIF('Студенческая жизнь'!E5:E16,"Готово") -> 3 | D10: =IF(B10=0,0,C10/B10) -> 0.25
A11: Сроки и стипендии | B11: =8 -> 8 | C11: =COUNTIF('Сроки и стипендии'!D5:D12,"Готово") -> 0 | D11: =IF(B11=0,0,C11/B11) -> 0
A12: FAQ | B12: =25 -> 25 | C12: =COUNTIF(FAQ!E5:E29,"Готово") -> 1 | D12: =IF(B12=0,0,C12/B12) -> 0.04
A13: Контакты | B13: =14 -> 14 | C13: =COUNTIF(Контакты!G5:G18,"Готово") -> 0 | D13: =IF(B13=0,0,C13/B13) -> 0
A14: Профориентация | B14: =6 -> 6 | C14: =COUNTIF(Профориентация!D5:D10,"Готово") -> 0 | D14: =IF(B14=0,0,C14/B14) -> 0

Sheet Что уже есть
A1: Что у нас уже есть
A2: Эти сведения уже собраны и актуальны на 2026–2027 учебный год. Их вносить не нужно — благодарим! Если что-то изменилось, пожалуйста, сообщите.
A4: Данные | B4: Источник | C4: Актуальность
A5: Стоимость обучения: бакалавриат, колледж, магистратура, аспирантура, PhD | B5: Списки цен (PDF) | C5: 2026–2027
A6: Перечень программ и факультетов | B6: Те же PDF | C6: 2026–2027
A7: Скидки и финансовая поддержка | B7: PDF скидок | C7: 2026–2027
A8: Правила поступления, документы, перевод, поступление после колледжа | B8: Файл alatoo 2026 | C8: 2026
A9: Справочник сотрудников и кабинетов | B9: Файл «Кабинеты» | C9: есть
A10: Миссия, история, банковские реквизиты | B10: Файл alatoo2024 | C10: база

Sheet Программы
A1: Образовательные программы
A2: Пожалуйста, заполните жёлтые поля по каждой программе. Если программа закрыта или переименована — отметьте это в «Примечании».
A4: Факультет | B4: Программа | C4: Степень | D4: Краткое описание (2–3 предложения) | E4: Основные изучаемые предметы | F4: Кем можно работать | G4: Примечание | H4: Язык | I4: Статус
A5: Инженерия и информатика | B5: Компьютерная инженерия | C5: Бакалавр | D5: Готовит инженеров-программистов: разработка ПО, систем и приложений для местного и международного IT-рынка. | E5: Программирование, алгоритмы, базы данных, сети, ОС | F5: Разработчик ПО, бэкенд/фронтенд-инженер, системный инженер | H5: rus | I5: Готово
A6: Инженерия и информатика | B6: Компьютерная инженерия | C6: Бакалавр
A7: Инженерия и информатика | B7: Кибербезопасность и этичный хакинг | C7: Бакалавр
A8: Инженерия и информатика | B8: Основы креативных индустрий | C8: Бакалавр
A9: Инженерия и информатика | B9: Анализ данных и интеллектуальные системы | C9: Бакалавр
A10: Инженерия и информатика | B10: Прикладная математика и информатика в образовании | C10: Бакалавр
A11: Инженерия и информатика | B11: Искусственный интеллект и робототехника | C11: Бакалавр
A12: Инженерия и информатика | B12: Менеджмент качества в информационных технологиях | C12: Бакалавр
A13: Экономика и управление | B13: Экономика (международная экономика и бизнес) | C13: Бакалавр
A14: Экономика и управление | B14: Экономика (финансы и кредит) | C14: Бакалавр
A15: Экономика и управление | B15: Экономика (международный бухгалтерский учёт и аудит) | C15: Бакалавр
A16: Экономика и управление | B16: Экономика (экономика окружающей среды) | C16: Бакалавр
A17: Экономика и управление | B17: Менеджмент | C17: Бакалавр
... A50: Магистратура | B50: Журналистика | C50: Магистр

Sheet Пороговые баллы
A1: Пороговые баллы ОРТ
A2: Пожалуйста, укажите минимальный балл ОРТ и нужен ли дополнительный профильный предмет — по каждой программе бакалавриата.
A4: Факультет | B4: Программа | C4: Доп. предмет ОРТ | D4: Пороговый балл ОРТ | E4: Статус
A5: Инженерия и информатика | B5: Компьютерная инженерия
A6: Инженерия и информатика | B6: Кибербезопасность и этичный хакинг
A7: Инженерия и информатика | B7: Основы креативных индустрий
A8: Инженерия и информатика | B8: Анализ данных и интеллектуальные системы
A9: Инженерия и информатика | B9: Прикладная математика и информатика в образовании
A10: Инженерия и информатика | B10: Искусственный интеллект и робототехника
A11: Инженерия и информатика | B11: Менеджмент качества в информационных технологиях
A12: Экономика и управление | B12: Экономика (международная экономика и бизнес)
A13: Экономика и управление | B13: Экономика (финансы и кредит)
A14: Экономика и управление | B14: Экономика (международный бухгалтерский учёт и аудит)
A15: Экономика и управление | B15: Экономика (экономика окружающей среды)
A16: Экономика и управление | B16: Менеджмент
... A30: Медицинский | B30: Лечебное дело

Sheet Языки и элективы
A1: Языки обучения и элективы
A2: Пожалуйста, расскажите, на каких языках идёт обучение и какие курсы по выбору доступны.
A4: A. Языки обучения
A5: Вопрос | B5: Ответ | D5: Язык | E5: Статус
A6: Языки обучения (основной и где какой)
A7: Доступные вторые иностранные языки (нем., кит., япон., фр. и др.)
A8: Подготовительный курс английского — для кого
A9: Требуемый стартовый уровень английского (B1/B2)
A11: B. Элективные курсы (курсы по выбору)
A12: Факультет / программа | B12: Электив (название) | C12: О чём курс (1 строка) | D12: Язык | E12: Статус
A13: Инженерия и информатика | B13: Машинное обучение | C13: Основы ML на Python | D13: eng | E13: Готово

Sheet Международные
A1: Обмен студентами и двойной диплом
A2: Пожалуйста, дополните сведения о партнёрских вузах и условиях участия.
A4: A. Двойной диплом
A5: North American University | B5: США | C5: IT, менеджмент, педагогика | D5: 2+2 | E5: высокий GPA, отбор | G5: Готово
A6: SolBridge (Woosong University) | B6: Ю. Корея | C6: менеджмент, экономика, финансы, бизнес | D6: 3+1 | E6: отбор; возможны скидки | G6: Готово
A7: Inha University | B7: Ю. Корея | C7: менеджмент, экономика, IT | D7: 2+2 | E7: отбор | G7: Готово
A8: Hof University of Applied Sciences | B8: Германия | C8: Информатика и выч. техника | D8: 2+2 | E8: отбор; возможна стажировка | G8: Готово
A9: Bialystok University | B9: Польша | C9: программисты | D9: 2 года в Польше | E9: отбор | G9: Готово
A12: B. Обмен студентами (Erasmus+, меморандумы)
A13: Программа/вуз | B13: Страна | C13: Для кого | D13: Срок | E13: Условия и стипендия | F13: Контакт/ссылка | G13: Статус
A14: Erasmus+ (University of Clermont Auvergne) | B14: Франция | C14: магистратура «Экономика развития» | D14: 1 год | E14: стипендия Erasmus+, высокий GPA | G14: Готово

Sheet Инфраструктура
A1: Инфраструктура, кампус и техника
A2: Пожалуйста, заполните «Ответ» по каждому пункту. Для карты, схем и фото — приложите файл и кратко опишите его в таблице.
A4: Раздел | B4: Вопрос | C4: Ответ | D4: Файл-приложение | E4: Статус
A5: Корпуса | B5: Сколько корпусов, как называются, адреса
A6: Карта | B6: Есть ли карта/схема кампуса (приложите файл); что где находится
A7: Аудитории | B7: Сколько аудиторий, есть ли навигация/нумерация
A8: Лаборатории | B8: Какие лаборатории и научные центры (Cybersecurity, Medical Research, 4i и др.)
A9: Техника | B9: Компьютерные классы, оборудование, ПО, робототехника — что доступно студентам
A10: Библиотека | B10: Часы работы, фонд, электронные ресурсы (Scopus и др.), как пользоваться
A11: Wi-Fi / IT | B11: Есть ли Wi-Fi, как подключиться, какая IT-поддержка для студентов
A12: Общежитие | B12: Есть/нет, адрес, цена, условия, как заселиться
A13: Питание | B13: Столовая/кафе, где находятся, примерные цены
A14: Спорт | B14: Спортзал и секции, что доступно
A15: Медпункт | B15: Есть ли медпункт/первая помощь, где
A16: Транспорт | B16: Как добраться, есть ли парковка
A17: Доступность | B17: Условия для маломобильных студентов (пандусы, лифты)

Sheet Студенческая жизнь
A1: Студенческая жизнь и поддержка
A2: Пожалуйста, расскажите о клубах, мероприятиях и службах поддержки студентов.
A4: Категория | B4: Название | C4: Описание (1–2 строки) | D4: Как присоединиться / контакт | E4: Статус
A5: Клуб | B5: IR Club | C5: клуб факультета междунар. отношений: дебаты, модель ООН, встречи | E5: Готово
A6: Клуб | B6: Mental Health Club | C6: психологическое здоровье: семинары, арт-терапия, недели мент. здоровья | E6: Готово
A7: Спорт | B7: Спортивные секции | C7: футбол, волейбол, баскетбол, теннис, шахматы, тогуз коргоол | E7: Готово
B8: Карьерный центр (чем помогает, где, контакт)
B9: Психологическая поддержка (есть ли психолог, как обратиться)
B10: Главные ежегодные мероприятия
B11: Волонтёрство / студсовет

Sheet Сроки и стипендии
A1: Сроки приёма, стипендии, оплата
A2: Пожалуйста, укажите точные даты на 2026–2027 и условия.
A4: Вопрос | B4: Ответ | C4: Примечание | D4: Статус
A5: Даты приёма документов на БАКАЛАВРИАТ 2026–2027 (с / по)
A6: Даты приёма на МАГИСТРАТУРУ 2026–2027 (с / по)
A7: Даты приёма в КОЛЛЕДЖ и туры экзаменов
A8: Даты приёма в аспирантуру/докторантуру
A9: Когда начинается учебный год / ориентация
A10: Стипендии помимо скидок: какие, кому, как получить
A11: Возможна ли рассрочка оплаты, условия
A12: Возврат оплаты при отчислении — правила

Sheet FAQ
A1: Частые вопросы абитуриентов
A2: Пожалуйста, добавьте реальные вопросы, которые задают абитуриенты, и короткие ответы. Это особенно ценно для бота. Спасибо!
A4: Вопрос | B4: Ответ | C4: Категория | D4: Язык | E4: Статус
A5: Пример: Есть ли военная кафедра? | B5: Пример: (ваш ответ) | C5: Учёба | D5: rus | E5: Готово

Sheet Контакты
A1: Контакты подразделений
A2: Пожалуйста, укажите по одному актуальному контакту на каждое подразделение.
A4: Подразделение | B4: Телефон | C4: WhatsApp | D4: E-mail | E4: Instagram | F4: Кабинет / часы | G4: Статус
A5: Приёмная комиссия (университет)
A6: Деканат: Инженерия и информатика
A7: Деканат: Экономика и управление
A8: Деканат: Гуманитарные науки
A9: Деканат: Социальные науки
A10: Медицинский факультет
A11: Магистратура
A12: Аспирантура / докторантура
A13: Центр дистанционного обучения
A14: IT & Business College
A15: Отдел междунар. связей
A16: Карьерный центр
... A18: Общежитие / студ. отдел

Sheet Профориентация
A1: Профориентация: интересы → программы
A2: Пожалуйста, подскажите, какие программ Ала-Тоо подходят под каждый тип интересов абитуриента.
A4: Тип интересов | B4: Что нравится таким абитуриентам | C4: Подходящие программы Ала-Тоо | D4: Статус
A5: Реалистичный (R) | B5: техника, руки, механизмы, «делать»
A6: Исследовательский (I) | B6: анализ, наука, решать задачи
A7: Артистичный (A) | B7: творчество, дизайн, самовыражение
A8: Социальный (S) | B8: помогать, учить, общаться
A9: Предприимчивый (E) | B9: лидерство, бизнес, убеждать
A10: Конвенциональный (C) | B10: порядок, данные, цифры, документы
